Month of Data Escala de Tempo 1 ENAS Simp 4,MAX MIN 1 ENAS Simp 4,Measure Names,MIN MAX 1 ENAS Simp 4,Data do Incio da Semana Din Instante ENAS Simp 4,Data Escala de Tempo 1 ENAS Simp 4,Período Exibido ENAS,Subsistema,Texto Data Incio da Semana Din Instante ENAS,Selecione Tipo de ENAS Simp 4
August 2023,8/7/2023,Selecione Tipo de ENAS Simp 4,7/26/2023,,8/1/2023 12:00:00 AM,Mês,Sudeste/Centro-Oeste,,18773.48632813
July 2023,7/7/2023,Selecione Tipo de ENAS Simp 4,6/25/2023,,7/1/2023 12:00:00 AM,Mês,Sudeste/Centro-Oeste,,22875.49414063
June 2023,6/7/2023,Selecione Tipo de ENAS Simp 4,5/26/2023,,6/1/2023 12:00:00 AM,Mês,Sudeste/Centro-Oeste,,30862.0390625
May 2023,5/7/2023,Selecione Tipo de ENAS Simp 4,4/25/2023,,5/1/2023 12:00:00 AM,Mês,Sudeste/Centro-Oeste,,36569.2578125
April 2023,4/7/2023,Selecione Tipo de ENAS Simp 4,3/26/2023,,4/1/2023 12:00:00 AM,Mês,Sudeste/Centro-Oeste,,55159.87890625
March 2023,3/7/2023,Selecione Tipo de ENAS Simp 4,2/23/2023,,3/1/2023 12:00:00 AM,Mês,Sudeste/Centro-Oeste,,71116.7578125
February 2023,2/7/2023,Selecione Tipo de ENAS Simp 4,1/26/2023,,2/1/2023 12:00:00 AM,Mês,Sudeste/Centro-Oeste,,73924.8828125
January 2023,1/7/2023,Selecione Tipo de ENAS Simp 4,12/26/2022,,1/1/2023 12:00:00 AM,Mês,Sudeste/Centro-Oeste,,77841.1796875
December 2022,12/7/2022,Selecione Tipo de ENAS Simp 4,11/25/2022,,12/1/2022 12:00:00 AM,Mês,Sudeste/Centro-Oeste,,42680.6953125
November 2022,11/7/2022,Selecione Tipo de ENAS Simp 4,10/26/2022,,11/1/2022 12:00:00 AM,Mês,Sudeste/Centro-Oeste,,24616.359375
October 2022,10/7/2022,Selecione Tipo de ENAS Simp 4,9/25/2022,,10/1/2022 12:00:00 AM,Mês,Sudeste/Centro-Oeste,,24561.88085938
September 2022,9/7/2022,Selecione Tipo de ENAS Simp 4,8/26/2022,,9/1/2022 12:00:00 AM,Mês,Sudeste/Centro-Oeste,,16114.25683594
August 2022,8/7/2022,Selecione Tipo de ENAS Simp 4,7/26/2022,,8/1/2022 12:00:00 AM,Mês,Sudeste/Centro-Oeste,,15855.53710938
July 2022,7/7/2022,Selecione Tipo de ENAS Simp 4,6/25/2022,,7/1/2022 12:00:00 AM,Mês,Sudeste/Centro-Oeste,,16810.39648438
June 2022,6/7/2022,Selecione Tipo de ENAS Simp 4,5/26/2022,,6/1/2022 12:00:00 AM,Mês,Sudeste/Centro-Oeste,,24224.9609375
May 2022,5/7/2022,Selecione Tipo de ENAS Simp 4,4/25/2022,,5/1/2022 12:00:00 AM,Mês,Sudeste/Centro-Oeste,,26960.34570313
April 2022,4/7/2022,Selecione Tipo de ENAS Simp 4,3/26/2022,,4/1/2022 12:00:00 AM,Mês,Sudeste/Centro-Oeste,,40557.43359375
March 2022,3/7/2022,Selecione Tipo de ENAS Simp 4,2/23/2022,,3/1/2022 12:00:00 AM,Mês,Sudeste/Centro-Oeste,,52551.96484375
February 2022,2/7/2022,Selecione Tipo de ENAS Simp 4,1/26/2022,,2/1/2022 12:00:00 AM,Mês,Sudeste/Centro-Oeste,,76408.1640625
January 2022,1/7/2022,Selecione Tipo de ENAS Simp 4,12/26/2021,,1/1/2022 12:00:00 AM,Mês,Sudeste/Centro-Oeste,,71393.6171875
December 2021,12/7/2021,Selecione Tipo de ENAS Simp 4,11/25/2021,,12/1/2021 12:00:00 AM,Mês,Sudeste/Centro-Oeste,,42730.2421875
November 2021,11/7/2021,Selecione Tipo de ENAS Simp 4,10/26/2021,,11/1/2021 12:00:00 AM,Mês,Sudeste/Centro-Oeste,,29324.34960938
October 2021,10/7/2021,Selecione Tipo de ENAS Simp 4,9/25/2021,,10/1/2021 12:00:00 AM,Mês,Sudeste/Centro-Oeste,,22229.45703125
September 2021,9/7/2021,Selecione Tipo de ENAS Simp 4,8/26/2021,,9/1/2021 12:00:00 AM,Mês,Sudeste/Centro-Oeste,,11124.31835938
August 2021,8/7/2021,Selecione Tipo de ENAS Simp 4,7/26/2021,,8/1/2021 12:00:00 AM,Mês,Sudeste/Centro-Oeste,,12283.98925781
July 2021,7/7/2021,Selecione Tipo de ENAS Simp 4,6/25/2021,,7/1/2021 12:00:00 AM,Mês,Sudeste/Centro-Oeste,,15751.92089844
June 2021,6/7/2021,Selecione Tipo de ENAS Simp 4,5/26/2021,,6/1/2021 12:00:00 AM,Mês,Sudeste/Centro-Oeste,,21587.66210938
May 2021,5/7/2021,Selecione Tipo de ENAS Simp 4,4/25/2021,,5/1/2021 12:00:00 AM,Mês,Sudeste/Centro-Oeste,,25394.06445313
April 2021,4/7/2021,Selecione Tipo de ENAS Simp 4,3/26/2021,,4/1/2021 12:00:00 AM,Mês,Sudeste/Centro-Oeste,,34866.359375
March 2021,3/7/2021,Selecione Tipo de ENAS Simp 4,2/23/2021,,3/1/2021 12:00:00 AM,Mês,Sudeste/Centro-Oeste,,51756.6328125
February 2021,2/7/2021,Selecione Tipo de ENAS Simp 4,1/26/2021,,2/1/2021 12:00:00 AM,Mês,Sudeste/Centro-Oeste,,51395.8828125
January 2021,1/7/2021,Selecione Tipo de ENAS Simp 4,12/26/2020,,1/1/2021 12:00:00 AM,Mês,Sudeste/Centro-Oeste,,45992.87109375
December 2020,12/7/2020,Selecione Tipo de ENAS Simp 4,11/25/2020,,12/1/2020 12:00:00 AM,Mês,Sudeste/Centro-Oeste,,30518.703125
November 2020,11/7/2020,Selecione Tipo de ENAS Simp 4,10/26/2020,,11/1/2020 12:00:00 AM,Mês,Sudeste/Centro-Oeste,,18838.2890625
October 2020,10/7/2020,Selecione Tipo de ENAS Simp 4,9/25/2020,,10/1/2020 12:00:00 AM,Mês,Sudeste/Centro-Oeste,,12499.90234375
September 2020,9/7/2020,Selecione Tipo de ENAS Simp 4,8/26/2020,,9/1/2020 12:00:00 AM,Mês,Sudeste/Centro-Oeste,,13027.04101563
August 2020,8/7/2020,Selecione Tipo de ENAS Simp 4,7/26/2020,,8/1/2020 12:00:00 AM,Mês,Sudeste/Centro-Oeste,,17523.70507813
July 2020,7/7/2020,Selecione Tipo de ENAS Simp 4,6/25/2020,,7/1/2020 12:00:00 AM,Mês,Sudeste/Centro-Oeste,,20410.13867188
June 2020,6/7/2020,Selecione Tipo de ENAS Simp 4,5/26/2020,,6/1/2020 12:00:00 AM,Mês,Sudeste/Centro-Oeste,,25169.57421875
May 2020,5/7/2020,Selecione Tipo de ENAS Simp 4,4/25/2020,,5/1/2020 12:00:00 AM,Mês,Sudeste/Centro-Oeste,,31828.59960938
April 2020,4/7/2020,Selecione Tipo de ENAS Simp 4,3/26/2020,,4/1/2020 12:00:00 AM,Mês,Sudeste/Centro-Oeste,,47532.3671875
March 2020,3/7/2020,Selecione Tipo de ENAS Simp 4,2/24/2020,,3/1/2020 12:00:00 AM,Mês,Sudeste/Centro-Oeste,,70907
February 2020,2/7/2020,Selecione Tipo de ENAS Simp 4,1/26/2020,,2/1/2020 12:00:00 AM,Mês,Sudeste/Centro-Oeste,,74129.2109375
January 2020,1/7/2020,Selecione Tipo de ENAS Simp 4,12/26/2019,,1/1/2020 12:00:00 AM,Mês,Sudeste/Centro-Oeste,,49123.796875
December 2019,12/7/2019,Selecione Tipo de ENAS Simp 4,11/25/2019,,12/1/2019 12:00:00 AM,Mês,Sudeste/Centro-Oeste,,39474.2578125
November 2019,11/7/2019,Selecione Tipo de ENAS Simp 4,10/26/2019,,11/1/2019 12:00:00 AM,Mês,Sudeste/Centro-Oeste,,19805.32226563
October 2019,10/7/2019,Selecione Tipo de ENAS Simp 4,9/25/2019,,10/1/2019 12:00:00 AM,Mês,Sudeste/Centro-Oeste,,13863.984375
September 2019,9/7/2019,Selecione Tipo de ENAS Simp 4,8/26/2019,,9/1/2019 12:00:00 AM,Mês,Sudeste/Centro-Oeste,,13754.1328125
August 2019,8/7/2019,Selecione Tipo de ENAS Simp 4,7/26/2019,,8/1/2019 12:00:00 AM,Mês,Sudeste/Centro-Oeste,,16402.49804688
July 2019,7/7/2019,Selecione Tipo de ENAS Simp 4,6/25/2019,,7/1/2019 12:00:00 AM,Mês,Sudeste/Centro-Oeste,,21944.4453125
June 2019,6/7/2019,Selecione Tipo de ENAS Simp 4,5/26/2019,,6/1/2019 12:00:00 AM,Mês,Sudeste/Centro-Oeste,,31080.13867188
May 2019,5/7/2019,Selecione Tipo de ENAS Simp 4,4/25/2019,,5/1/2019 12:00:00 AM,Mês,Sudeste/Centro-Oeste,,38359.84375
April 2019,4/7/2019,Selecione Tipo de ENAS Simp 4,3/26/2019,,4/1/2019 12:00:00 AM,Mês,Sudeste/Centro-Oeste,,52369.5234375
March 2019,3/7/2019,Selecione Tipo de ENAS Simp 4,2/23/2019,,3/1/2019 12:00:00 AM,Mês,Sudeste/Centro-Oeste,,66045.3984375
February 2019,2/7/2019,Selecione Tipo de ENAS Simp 4,1/26/2019,,2/1/2019 12:00:00 AM,Mês,Sudeste/Centro-Oeste,,45982.37109375
January 2019,1/7/2019,Selecione Tipo de ENAS Simp 4,12/26/2018,,1/1/2019 12:00:00 AM,Mês,Sudeste/Centro-Oeste,,41746.296875
December 2018,12/7/2018,Selecione Tipo de ENAS Simp 4,11/25/2018,,12/1/2018 12:00:00 AM,Mês,Sudeste/Centro-Oeste,,45430
November 2018,11/7/2018,Selecione Tipo de ENAS Simp 4,10/26/2018,,11/1/2018 12:00:00 AM,Mês,Sudeste/Centro-Oeste,,40228
October 2018,10/7/2018,Selecione Tipo de ENAS Simp 4,9/25/2018,,10/1/2018 12:00:00 AM,Mês,Sudeste/Centro-Oeste,,25475
September 2018,9/7/2018,Selecione Tipo de ENAS Simp 4,8/26/2018,,9/1/2018 12:00:00 AM,Mês,Sudeste/Centro-Oeste,,16140
August 2018,8/7/2018,Selecione Tipo de ENAS Simp 4,7/26/2018,,8/1/2018 12:00:00 AM,Mês,Sudeste/Centro-Oeste,,16857
July 2018,7/7/2018,Selecione Tipo de ENAS Simp 4,6/25/2018,,7/1/2018 12:00:00 AM,Mês,Sudeste/Centro-Oeste,,17724
June 2018,6/7/2018,Selecione Tipo de ENAS Simp 4,5/26/2018,,6/1/2018 12:00:00 AM,Mês,Sudeste/Centro-Oeste,,24592
May 2018,5/7/2018,Selecione Tipo de ENAS Simp 4,4/25/2018,,5/1/2018 12:00:00 AM,Mês,Sudeste/Centro-Oeste,,30865
April 2018,4/7/2018,Selecione Tipo de ENAS Simp 4,3/26/2018,,4/1/2018 12:00:00 AM,Mês,Sudeste/Centro-Oeste,,48564
March 2018,3/7/2018,Selecione Tipo de ENAS Simp 4,2/23/2018,,3/1/2018 12:00:00 AM,Mês,Sudeste/Centro-Oeste,,59582
February 2018,2/7/2018,Selecione Tipo de ENAS Simp 4,1/26/2018,,2/1/2018 12:00:00 AM,Mês,Sudeste/Centro-Oeste,,57436
January 2018,1/7/2018,Selecione Tipo de ENAS Simp 4,12/26/2017,,1/1/2018 12:00:00 AM,Mês,Sudeste/Centro-Oeste,,62437
December 2017,12/7/2017,Selecione Tipo de ENAS Simp 4,11/25/2017,,12/1/2017 12:00:00 AM,Mês,Sudeste/Centro-Oeste,,44611
November 2017,11/7/2017,Selecione Tipo de ENAS Simp 4,10/26/2017,,11/1/2017 12:00:00 AM,Mês,Sudeste/Centro-Oeste,,31580
October 2017,10/7/2017,Selecione Tipo de ENAS Simp 4,9/25/2017,,10/1/2017 12:00:00 AM,Mês,Sudeste/Centro-Oeste,,15893
September 2017,9/7/2017,Selecione Tipo de ENAS Simp 4,8/26/2017,,9/1/2017 12:00:00 AM,Mês,Sudeste/Centro-Oeste,,12804
August 2017,8/7/2017,Selecione Tipo de ENAS Simp 4,7/26/2017,,8/1/2017 12:00:00 AM,Mês,Sudeste/Centro-Oeste,,17272
July 2017,7/7/2017,Selecione Tipo de ENAS Simp 4,6/25/2017,,7/1/2017 12:00:00 AM,Mês,Sudeste/Centro-Oeste,,20073
June 2017,6/7/2017,Selecione Tipo de ENAS Simp 4,5/26/2017,,6/1/2017 12:00:00 AM,Mês,Sudeste/Centro-Oeste,,33954
May 2017,5/7/2017,Selecione Tipo de ENAS Simp 4,4/25/2017,,5/1/2017 12:00:00 AM,Mês,Sudeste/Centro-Oeste,,38930
April 2017,4/7/2017,Selecione Tipo de ENAS Simp 4,3/26/2017,,4/1/2017 12:00:00 AM,Mês,Sudeste/Centro-Oeste,,39046
March 2017,3/7/2017,Selecione Tipo de ENAS Simp 4,2/23/2017,,3/1/2017 12:00:00 AM,Mês,Sudeste/Centro-Oeste,,45626
February 2017,2/7/2017,Selecione Tipo de ENAS Simp 4,1/26/2017,,2/1/2017 12:00:00 AM,Mês,Sudeste/Centro-Oeste,,49413
January 2017,1/7/2017,Selecione Tipo de ENAS Simp 4,12/26/2016,,1/1/2017 12:00:00 AM,Mês,Sudeste/Centro-Oeste,,43991
December 2016,12/7/2016,Selecione Tipo de ENAS Simp 4,11/25/2016,,12/1/2016 12:00:00 AM,Mês,Sudeste/Centro-Oeste,,36781
November 2016,11/7/2016,Selecione Tipo de ENAS Simp 4,10/26/2016,,11/1/2016 12:00:00 AM,Mês,Sudeste/Centro-Oeste,,27177
October 2016,10/7/2016,Selecione Tipo de ENAS Simp 4,9/25/2016,,10/1/2016 12:00:00 AM,Mês,Sudeste/Centro-Oeste,,19831
September 2016,9/7/2016,Selecione Tipo de ENAS Simp 4,8/26/2016,,9/1/2016 12:00:00 AM,Mês,Sudeste/Centro-Oeste,,18529
August 2016,8/7/2016,Selecione Tipo de ENAS Simp 4,7/26/2016,,8/1/2016 12:00:00 AM,Mês,Sudeste/Centro-Oeste,,21078
July 2016,7/7/2016,Selecione Tipo de ENAS Simp 4,6/25/2016,,7/1/2016 12:00:00 AM,Mês,Sudeste/Centro-Oeste,,22565
June 2016,6/7/2016,Selecione Tipo de ENAS Simp 4,5/26/2016,,6/1/2016 12:00:00 AM,Mês,Sudeste/Centro-Oeste,,37570
May 2016,5/7/2016,Selecione Tipo de ENAS Simp 4,4/25/2016,,5/1/2016 12:00:00 AM,Mês,Sudeste/Centro-Oeste,,33804
April 2016,4/7/2016,Selecione Tipo de ENAS Simp 4,3/26/2016,,4/1/2016 12:00:00 AM,Mês,Sudeste/Centro-Oeste,,37299
March 2016,3/7/2016,Selecione Tipo de ENAS Simp 4,2/24/2016,,3/1/2016 12:00:00 AM,Mês,Sudeste/Centro-Oeste,,64348
February 2016,2/7/2016,Selecione Tipo de ENAS Simp 4,1/26/2016,,2/1/2016 12:00:00 AM,Mês,Sudeste/Centro-Oeste,,58433
January 2016,1/7/2016,Selecione Tipo de ENAS Simp 4,12/26/2015,,1/1/2016 12:00:00 AM,Mês,Sudeste/Centro-Oeste,,79774
December 2015,12/7/2015,Selecione Tipo de ENAS Simp 4,11/25/2015,,12/1/2015 12:00:00 AM,Mês,Sudeste/Centro-Oeste,,42829
November 2015,11/7/2015,Selecione Tipo de ENAS Simp 4,10/26/2015,,11/1/2015 12:00:00 AM,Mês,Sudeste/Centro-Oeste,,31888
October 2015,10/7/2015,Selecione Tipo de ENAS Simp 4,9/25/2015,,10/1/2015 12:00:00 AM,Mês,Sudeste/Centro-Oeste,,19782
September 2015,9/7/2015,Selecione Tipo de ENAS Simp 4,8/26/2015,,9/1/2015 12:00:00 AM,Mês,Sudeste/Centro-Oeste,,20882
August 2015,8/7/2015,Selecione Tipo de ENAS Simp 4,7/26/2015,,8/1/2015 12:00:00 AM,Mês,Sudeste/Centro-Oeste,,15977
July 2015,7/7/2015,Selecione Tipo de ENAS Simp 4,6/25/2015,,7/1/2015 12:00:00 AM,Mês,Sudeste/Centro-Oeste,,28201
June 2015,6/7/2015,Selecione Tipo de ENAS Simp 4,5/26/2015,,6/1/2015 12:00:00 AM,Mês,Sudeste/Centro-Oeste,,22851
May 2015,5/7/2015,Selecione Tipo de ENAS Simp 4,4/25/2015,,5/1/2015 12:00:00 AM,Mês,Sudeste/Centro-Oeste,,29901
April 2015,4/7/2015,Selecione Tipo de ENAS Simp 4,3/26/2015,,4/1/2015 12:00:00 AM,Mês,Sudeste/Centro-Oeste,,36755
March 2015,3/7/2015,Selecione Tipo de ENAS Simp 4,2/23/2015,,3/1/2015 12:00:00 AM,Mês,Sudeste/Centro-Oeste,,42725
February 2015,2/7/2015,Selecione Tipo de ENAS Simp 4,1/26/2015,,2/1/2015 12:00:00 AM,Mês,Sudeste/Centro-Oeste,,34485
January 2015,1/7/2015,Selecione Tipo de ENAS Simp 4,12/26/2014,,1/1/2015 12:00:00 AM,Mês,Sudeste/Centro-Oeste,,22136
December 2014,12/7/2014,Selecione Tipo de ENAS Simp 4,11/25/2014,,12/1/2014 12:00:00 AM,Mês,Sudeste/Centro-Oeste,,34680
November 2014,11/7/2014,Selecione Tipo de ENAS Simp 4,10/26/2014,,11/1/2014 12:00:00 AM,Mês,Sudeste/Centro-Oeste,,18256
October 2014,10/7/2014,Selecione Tipo de ENAS Simp 4,9/25/2014,,10/1/2014 12:00:00 AM,Mês,Sudeste/Centro-Oeste,,13717
September 2014,9/7/2014,Selecione Tipo de ENAS Simp 4,8/26/2014,,9/1/2014 12:00:00 AM,Mês,Sudeste/Centro-Oeste,,14425
August 2014,8/7/2014,Selecione Tipo de ENAS Simp 4,7/26/2014,,8/1/2014 12:00:00 AM,Mês,Sudeste/Centro-Oeste,,15011
July 2014,7/7/2014,Selecione Tipo de ENAS Simp 4,6/25/2014,,7/1/2014 12:00:00 AM,Mês,Sudeste/Centro-Oeste,,17830
June 2014,6/7/2014,Selecione Tipo de ENAS Simp 4,5/26/2014,,6/1/2014 12:00:00 AM,Mês,Sudeste/Centro-Oeste,,25637
May 2014,5/7/2014,Selecione Tipo de ENAS Simp 4,4/25/2014,,5/1/2014 12:00:00 AM,Mês,Sudeste/Centro-Oeste,,22490
April 2014,4/7/2014,Selecione Tipo de ENAS Simp 4,3/26/2014,,4/1/2014 12:00:00 AM,Mês,Sudeste/Centro-Oeste,,33430
March 2014,3/7/2014,Selecione Tipo de ENAS Simp 4,2/23/2014,,3/1/2014 12:00:00 AM,Mês,Sudeste/Centro-Oeste,,34618
February 2014,2/7/2014,Selecione Tipo de ENAS Simp 4,1/26/2014,,2/1/2014 12:00:00 AM,Mês,Sudeste/Centro-Oeste,,22933
January 2014,1/7/2014,Selecione Tipo de ENAS Simp 4,12/26/2013,,1/1/2014 12:00:00 AM,Mês,Sudeste/Centro-Oeste,,30017
December 2013,12/7/2013,Selecione Tipo de ENAS Simp 4,11/25/2013,,12/1/2013 12:00:00 AM,Mês,Sudeste/Centro-Oeste,,42072
November 2013,11/7/2013,Selecione Tipo de ENAS Simp 4,10/26/2013,,11/1/2013 12:00:00 AM,Mês,Sudeste/Centro-Oeste,,23994
October 2013,10/7/2013,Selecione Tipo de ENAS Simp 4,9/25/2013,,10/1/2013 12:00:00 AM,Mês,Sudeste/Centro-Oeste,,25144
September 2013,9/7/2013,Selecione Tipo de ENAS Simp 4,8/26/2013,,9/1/2013 12:00:00 AM,Mês,Sudeste/Centro-Oeste,,17956
August 2013,8/7/2013,Selecione Tipo de ENAS Simp 4,7/26/2013,,8/1/2013 12:00:00 AM,Mês,Sudeste/Centro-Oeste,,20192
July 2013,7/7/2013,Selecione Tipo de ENAS Simp 4,6/25/2013,,7/1/2013 12:00:00 AM,Mês,Sudeste/Centro-Oeste,,32104
June 2013,6/7/2013,Selecione Tipo de ENAS Simp 4,5/26/2013,,6/1/2013 12:00:00 AM,Mês,Sudeste/Centro-Oeste,,40178
May 2013,5/7/2013,Selecione Tipo de ENAS Simp 4,4/25/2013,,5/1/2013 12:00:00 AM,Mês,Sudeste/Centro-Oeste,,30809
April 2013,4/7/2013,Selecione Tipo de ENAS Simp 4,3/26/2013,,4/1/2013 12:00:00 AM,Mês,Sudeste/Centro-Oeste,,54285
March 2013,3/7/2013,Selecione Tipo de ENAS Simp 4,2/23/2013,,3/1/2013 12:00:00 AM,Mês,Sudeste/Centro-Oeste,,51912
February 2013,2/7/2013,Selecione Tipo de ENAS Simp 4,1/26/2013,,2/1/2013 12:00:00 AM,Mês,Sudeste/Centro-Oeste,,59842
January 2013,1/7/2013,Selecione Tipo de ENAS Simp 4,12/26/2012,,1/1/2013 12:00:00 AM,Mês,Sudeste/Centro-Oeste,,49195
December 2012,12/7/2012,Selecione Tipo de ENAS Simp 4,11/25/2012,,12/1/2012 12:00:00 AM,Mês,Sudeste/Centro-Oeste,,27463
November 2012,11/7/2012,Selecione Tipo de ENAS Simp 4,10/26/2012,,11/1/2012 12:00:00 AM,Mês,Sudeste/Centro-Oeste,,22914
October 2012,10/7/2012,Selecione Tipo de ENAS Simp 4,9/25/2012,,10/1/2012 12:00:00 AM,Mês,Sudeste/Centro-Oeste,,14962
September 2012,9/7/2012,Selecione Tipo de ENAS Simp 4,8/26/2012,,9/1/2012 12:00:00 AM,Mês,Sudeste/Centro-Oeste,,14559
August 2012,8/7/2012,Selecione Tipo de ENAS Simp 4,7/26/2012,,8/1/2012 12:00:00 AM,Mês,Sudeste/Centro-Oeste,,17076
July 2012,7/7/2012,Selecione Tipo de ENAS Simp 4,6/25/2012,,7/1/2012 12:00:00 AM,Mês,Sudeste/Centro-Oeste,,26180
June 2012,6/7/2012,Selecione Tipo de ENAS Simp 4,5/26/2012,,6/1/2012 12:00:00 AM,Mês,Sudeste/Centro-Oeste,,38037
May 2012,5/7/2012,Selecione Tipo de ENAS Simp 4,4/25/2012,,5/1/2012 12:00:00 AM,Mês,Sudeste/Centro-Oeste,,29561
April 2012,4/7/2012,Selecione Tipo de ENAS Simp 4,3/26/2012,,4/1/2012 12:00:00 AM,Mês,Sudeste/Centro-Oeste,,31815
March 2012,3/7/2012,Selecione Tipo de ENAS Simp 4,2/24/2012,,3/1/2012 12:00:00 AM,Mês,Sudeste/Centro-Oeste,,36630
February 2012,2/7/2012,Selecione Tipo de ENAS Simp 4,1/26/2012,,2/1/2012 12:00:00 AM,Mês,Sudeste/Centro-Oeste,,48934
January 2012,1/7/2012,Selecione Tipo de ENAS Simp 4,12/26/2011,,1/1/2012 12:00:00 AM,Mês,Sudeste/Centro-Oeste,,72789
December 2011,12/7/2011,Selecione Tipo de ENAS Simp 4,11/25/2011,,12/1/2011 12:00:00 AM,Mês,Sudeste/Centro-Oeste,,43984
November 2011,11/7/2011,Selecione Tipo de ENAS Simp 4,10/26/2011,,11/1/2011 12:00:00 AM,Mês,Sudeste/Centro-Oeste,,26897
October 2011,10/7/2011,Selecione Tipo de ENAS Simp 4,9/25/2011,,10/1/2011 12:00:00 AM,Mês,Sudeste/Centro-Oeste,,24796
September 2011,9/7/2011,Selecione Tipo de ENAS Simp 4,8/26/2011,,9/1/2011 12:00:00 AM,Mês,Sudeste/Centro-Oeste,,16470
August 2011,8/7/2011,Selecione Tipo de ENAS Simp 4,7/26/2011,,8/1/2011 12:00:00 AM,Mês,Sudeste/Centro-Oeste,,23879
July 2011,7/7/2011,Selecione Tipo de ENAS Simp 4,6/25/2011,,7/1/2011 12:00:00 AM,Mês,Sudeste/Centro-Oeste,,24105
June 2011,6/7/2011,Selecione Tipo de ENAS Simp 4,5/26/2011,,6/1/2011 12:00:00 AM,Mês,Sudeste/Centro-Oeste,,27812
May 2011,5/7/2011,Selecione Tipo de ENAS Simp 4,4/25/2011,,5/1/2011 12:00:00 AM,Mês,Sudeste/Centro-Oeste,,33385
April 2011,4/7/2011,Selecione Tipo de ENAS Simp 4,3/26/2011,,4/1/2011 12:00:00 AM,Mês,Sudeste/Centro-Oeste,,54629
March 2011,3/7/2011,Selecione Tipo de ENAS Simp 4,2/23/2011,,3/1/2011 12:00:00 AM,Mês,Sudeste/Centro-Oeste,,85632
February 2011,2/7/2011,Selecione Tipo de ENAS Simp 4,1/26/2011,,2/1/2011 12:00:00 AM,Mês,Sudeste/Centro-Oeste,,49524
January 2011,1/7/2011,Selecione Tipo de ENAS Simp 4,12/26/2010,,1/1/2011 12:00:00 AM,Mês,Sudeste/Centro-Oeste,,75724
December 2010,12/7/2010,Selecione Tipo de ENAS Simp 4,11/25/2010,,12/1/2010 12:00:00 AM,Mês,Sudeste/Centro-Oeste,,43939
November 2010,11/7/2010,Selecione Tipo de ENAS Simp 4,10/26/2010,,11/1/2010 12:00:00 AM,Mês,Sudeste/Centro-Oeste,,28702
October 2010,10/7/2010,Selecione Tipo de ENAS Simp 4,9/25/2010,,10/1/2010 12:00:00 AM,Mês,Sudeste/Centro-Oeste,,21654
September 2010,9/7/2010,Selecione Tipo de ENAS Simp 4,8/26/2010,,9/1/2010 12:00:00 AM,Mês,Sudeste/Centro-Oeste,,13662
August 2010,8/7/2010,Selecione Tipo de ENAS Simp 4,7/26/2010,,8/1/2010 12:00:00 AM,Mês,Sudeste/Centro-Oeste,,15682
July 2010,7/7/2010,Selecione Tipo de ENAS Simp 4,6/25/2010,,7/1/2010 12:00:00 AM,Mês,Sudeste/Centro-Oeste,,20106
June 2010,6/7/2010,Selecione Tipo de ENAS Simp 4,5/26/2010,,6/1/2010 12:00:00 AM,Mês,Sudeste/Centro-Oeste,,22872
May 2010,5/7/2010,Selecione Tipo de ENAS Simp 4,4/25/2010,,5/1/2010 12:00:00 AM,Mês,Sudeste/Centro-Oeste,,28655
April 2010,4/7/2010,Selecione Tipo de ENAS Simp 4,3/26/2010,,4/1/2010 12:00:00 AM,Mês,Sudeste/Centro-Oeste,,44618
March 2010,3/7/2010,Selecione Tipo de ENAS Simp 4,2/23/2010,,3/1/2010 12:00:00 AM,Mês,Sudeste/Centro-Oeste,,52661
February 2010,2/7/2010,Selecione Tipo de ENAS Simp 4,1/26/2010,,2/1/2010 12:00:00 AM,Mês,Sudeste/Centro-Oeste,,58325
January 2010,1/7/2010,Selecione Tipo de ENAS Simp 4,12/26/2009,,1/1/2010 12:00:00 AM,Mês,Sudeste/Centro-Oeste,,69533
December 2009,12/7/2009,Selecione Tipo de ENAS Simp 4,11/25/2009,,12/1/2009 12:00:00 AM,Mês,Sudeste/Centro-Oeste,,60641
November 2009,11/7/2009,Selecione Tipo de ENAS Simp 4,10/26/2009,,11/1/2009 12:00:00 AM,Mês,Sudeste/Centro-Oeste,,36406
October 2009,10/7/2009,Selecione Tipo de ENAS Simp 4,9/25/2009,,10/1/2009 12:00:00 AM,Mês,Sudeste/Centro-Oeste,,35874
September 2009,9/7/2009,Selecione Tipo de ENAS Simp 4,8/26/2009,,9/1/2009 12:00:00 AM,Mês,Sudeste/Centro-Oeste,,31058
August 2009,8/7/2009,Selecione Tipo de ENAS Simp 4,7/26/2009,,8/1/2009 12:00:00 AM,Mês,Sudeste/Centro-Oeste,,23743
July 2009,7/7/2009,Selecione Tipo de ENAS Simp 4,6/25/2009,,7/1/2009 12:00:00 AM,Mês,Sudeste/Centro-Oeste,,27295
June 2009,6/7/2009,Selecione Tipo de ENAS Simp 4,5/26/2009,,6/1/2009 12:00:00 AM,Mês,Sudeste/Centro-Oeste,,24853
May 2009,5/7/2009,Selecione Tipo de ENAS Simp 4,4/25/2009,,5/1/2009 12:00:00 AM,Mês,Sudeste/Centro-Oeste,,30321
April 2009,4/7/2009,Selecione Tipo de ENAS Simp 4,3/26/2009,,4/1/2009 12:00:00 AM,Mês,Sudeste/Centro-Oeste,,47047
March 2009,3/7/2009,Selecione Tipo de ENAS Simp 4,2/23/2009,,3/1/2009 12:00:00 AM,Mês,Sudeste/Centro-Oeste,,45869
February 2009,2/7/2009,Selecione Tipo de ENAS Simp 4,1/26/2009,,2/1/2009 12:00:00 AM,Mês,Sudeste/Centro-Oeste,,63980
January 2009,1/7/2009,Selecione Tipo de ENAS Simp 4,12/26/2008,,1/1/2009 12:00:00 AM,Mês,Sudeste/Centro-Oeste,,52764
December 2008,12/7/2008,Selecione Tipo de ENAS Simp 4,11/25/2008,,12/1/2008 12:00:00 AM,Mês,Sudeste/Centro-Oeste,,36588
November 2008,11/7/2008,Selecione Tipo de ENAS Simp 4,10/26/2008,,11/1/2008 12:00:00 AM,Mês,Sudeste/Centro-Oeste,,25110
October 2008,10/7/2008,Selecione Tipo de ENAS Simp 4,9/25/2008,,10/1/2008 12:00:00 AM,Mês,Sudeste/Centro-Oeste,,20249
September 2008,9/7/2008,Selecione Tipo de ENAS Simp 4,8/26/2008,,9/1/2008 12:00:00 AM,Mês,Sudeste/Centro-Oeste,,15756
August 2008,8/7/2008,Selecione Tipo de ENAS Simp 4,7/26/2008,,8/1/2008 12:00:00 AM,Mês,Sudeste/Centro-Oeste,,22161
July 2008,7/7/2008,Selecione Tipo de ENAS Simp 4,6/25/2008,,7/1/2008 12:00:00 AM,Mês,Sudeste/Centro-Oeste,,20671
June 2008,6/7/2008,Selecione Tipo de ENAS Simp 4,5/26/2008,,6/1/2008 12:00:00 AM,Mês,Sudeste/Centro-Oeste,,27472
May 2008,5/7/2008,Selecione Tipo de ENAS Simp 4,4/25/2008,,5/1/2008 12:00:00 AM,Mês,Sudeste/Centro-Oeste,,35143
April 2008,4/7/2008,Selecione Tipo de ENAS Simp 4,3/26/2008,,4/1/2008 12:00:00 AM,Mês,Sudeste/Centro-Oeste,,50522
March 2008,3/7/2008,Selecione Tipo de ENAS Simp 4,2/24/2008,,3/1/2008 12:00:00 AM,Mês,Sudeste/Centro-Oeste,,61448
February 2008,2/7/2008,Selecione Tipo de ENAS Simp 4,1/26/2008,,2/1/2008 12:00:00 AM,Mês,Sudeste/Centro-Oeste,,61334
January 2008,1/7/2008,Selecione Tipo de ENAS Simp 4,12/26/2007,,1/1/2008 12:00:00 AM,Mês,Sudeste/Centro-Oeste,,36679
December 2007,12/7/2007,Selecione Tipo de ENAS Simp 4,11/25/2007,,12/1/2007 12:00:00 AM,Mês,Sudeste/Centro-Oeste,,28837
November 2007,11/7/2007,Selecione Tipo de ENAS Simp 4,10/26/2007,,11/1/2007 12:00:00 AM,Mês,Sudeste/Centro-Oeste,,22923
October 2007,10/7/2007,Selecione Tipo de ENAS Simp 4,9/25/2007,,10/1/2007 12:00:00 AM,Mês,Sudeste/Centro-Oeste,,12987
September 2007,9/7/2007,Selecione Tipo de ENAS Simp 4,8/26/2007,,9/1/2007 12:00:00 AM,Mês,Sudeste/Centro-Oeste,,12866
August 2007,8/7/2007,Selecione Tipo de ENAS Simp 4,7/26/2007,,8/1/2007 12:00:00 AM,Mês,Sudeste/Centro-Oeste,,18420
July 2007,7/7/2007,Selecione Tipo de ENAS Simp 4,6/25/2007,,7/1/2007 12:00:00 AM,Mês,Sudeste/Centro-Oeste,,22805
June 2007,6/7/2007,Selecione Tipo de ENAS Simp 4,5/26/2007,,6/1/2007 12:00:00 AM,Mês,Sudeste/Centro-Oeste,,23394
May 2007,5/7/2007,Selecione Tipo de ENAS Simp 4,4/25/2007,,5/1/2007 12:00:00 AM,Mês,Sudeste/Centro-Oeste,,28212
April 2007,4/7/2007,Selecione Tipo de ENAS Simp 4,3/26/2007,,4/1/2007 12:00:00 AM,Mês,Sudeste/Centro-Oeste,,34189
March 2007,3/7/2007,Selecione Tipo de ENAS Simp 4,2/23/2007,,3/1/2007 12:00:00 AM,Mês,Sudeste/Centro-Oeste,,49542
February 2007,2/7/2007,Selecione Tipo de ENAS Simp 4,1/26/2007,,2/1/2007 12:00:00 AM,Mês,Sudeste/Centro-Oeste,,87708
January 2007,1/7/2007,Selecione Tipo de ENAS Simp 4,12/26/2006,,1/1/2007 12:00:00 AM,Mês,Sudeste/Centro-Oeste,,91862
December 2006,12/7/2006,Selecione Tipo de ENAS Simp 4,11/25/2006,,12/1/2006 12:00:00 AM,Mês,Sudeste/Centro-Oeste,,54270
November 2006,11/7/2006,Selecione Tipo de ENAS Simp 4,10/26/2006,,11/1/2006 12:00:00 AM,Mês,Sudeste/Centro-Oeste,,27276
October 2006,10/7/2006,Selecione Tipo de ENAS Simp 4,9/25/2006,,10/1/2006 12:00:00 AM,Mês,Sudeste/Centro-Oeste,,24904
September 2006,9/7/2006,Selecione Tipo de ENAS Simp 4,8/26/2006,,9/1/2006 12:00:00 AM,Mês,Sudeste/Centro-Oeste,,17777
August 2006,8/7/2006,Selecione Tipo de ENAS Simp 4,7/26/2006,,8/1/2006 12:00:00 AM,Mês,Sudeste/Centro-Oeste,,16697
July 2006,7/7/2006,Selecione Tipo de ENAS Simp 4,6/25/2006,,7/1/2006 12:00:00 AM,Mês,Sudeste/Centro-Oeste,,19492
June 2006,6/7/2006,Selecione Tipo de ENAS Simp 4,5/26/2006,,6/1/2006 12:00:00 AM,Mês,Sudeste/Centro-Oeste,,22055
May 2006,5/7/2006,Selecione Tipo de ENAS Simp 4,4/25/2006,,5/1/2006 12:00:00 AM,Mês,Sudeste/Centro-Oeste,,27371
April 2006,4/7/2006,Selecione Tipo de ENAS Simp 4,3/26/2006,,4/1/2006 12:00:00 AM,Mês,Sudeste/Centro-Oeste,,46596
March 2006,3/7/2006,Selecione Tipo de ENAS Simp 4,2/23/2006,,3/1/2006 12:00:00 AM,Mês,Sudeste/Centro-Oeste,,53957
February 2006,2/7/2006,Selecione Tipo de ENAS Simp 4,1/26/2006,,2/1/2006 12:00:00 AM,Mês,Sudeste/Centro-Oeste,,45281
January 2006,1/7/2006,Selecione Tipo de ENAS Simp 4,12/26/2005,,1/1/2006 12:00:00 AM,Mês,Sudeste/Centro-Oeste,,43279
December 2005,12/7/2005,Selecione Tipo de ENAS Simp 4,11/25/2005,,12/1/2005 12:00:00 AM,Mês,Sudeste/Centro-Oeste,,52106
November 2005,11/7/2005,Selecione Tipo de ENAS Simp 4,10/26/2005,,11/1/2005 12:00:00 AM,Mês,Sudeste/Centro-Oeste,,26776
October 2005,10/7/2005,Selecione Tipo de ENAS Simp 4,9/25/2005,,10/1/2005 12:00:00 AM,Mês,Sudeste/Centro-Oeste,,22237
September 2005,9/7/2005,Selecione Tipo de ENAS Simp 4,8/26/2005,,9/1/2005 12:00:00 AM,Mês,Sudeste/Centro-Oeste,,18677
August 2005,8/7/2005,Selecione Tipo de ENAS Simp 4,7/26/2005,,8/1/2005 12:00:00 AM,Mês,Sudeste/Centro-Oeste,,15772
July 2005,7/7/2005,Selecione Tipo de ENAS Simp 4,6/25/2005,,7/1/2005 12:00:00 AM,Mês,Sudeste/Centro-Oeste,,19797
June 2005,6/7/2005,Selecione Tipo de ENAS Simp 4,5/26/2005,,6/1/2005 12:00:00 AM,Mês,Sudeste/Centro-Oeste,,26004
May 2005,5/7/2005,Selecione Tipo de ENAS Simp 4,4/25/2005,,5/1/2005 12:00:00 AM,Mês,Sudeste/Centro-Oeste,,28437
April 2005,4/7/2005,Selecione Tipo de ENAS Simp 4,3/26/2005,,4/1/2005 12:00:00 AM,Mês,Sudeste/Centro-Oeste,,33775
March 2005,3/7/2005,Selecione Tipo de ENAS Simp 4,2/23/2005,,3/1/2005 12:00:00 AM,Mês,Sudeste/Centro-Oeste,,50460
February 2005,2/7/2005,Selecione Tipo de ENAS Simp 4,1/26/2005,,2/1/2005 12:00:00 AM,Mês,Sudeste/Centro-Oeste,,53793
January 2005,1/7/2005,Selecione Tipo de ENAS Simp 4,12/26/2004,,1/1/2005 12:00:00 AM,Mês,Sudeste/Centro-Oeste,,62062
December 2004,12/7/2004,Selecione Tipo de ENAS Simp 4,11/25/2004,,12/1/2004 12:00:00 AM,Mês,Sudeste/Centro-Oeste,,36949
November 2004,11/7/2004,Selecione Tipo de ENAS Simp 4,10/26/2004,,11/1/2004 12:00:00 AM,Mês,Sudeste/Centro-Oeste,,24341
October 2004,10/7/2004,Selecione Tipo de ENAS Simp 4,9/25/2004,,10/1/2004 12:00:00 AM,Mês,Sudeste/Centro-Oeste,,20414
September 2004,9/7/2004,Selecione Tipo de ENAS Simp 4,8/26/2004,,9/1/2004 12:00:00 AM,Mês,Sudeste/Centro-Oeste,,14056
August 2004,8/7/2004,Selecione Tipo de ENAS Simp 4,7/26/2004,,8/1/2004 12:00:00 AM,Mês,Sudeste/Centro-Oeste,,17926
July 2004,7/7/2004,Selecione Tipo de ENAS Simp 4,6/25/2004,,7/1/2004 12:00:00 AM,Mês,Sudeste/Centro-Oeste,,25748
June 2004,6/7/2004,Selecione Tipo de ENAS Simp 4,5/26/2004,,6/1/2004 12:00:00 AM,Mês,Sudeste/Centro-Oeste,,31063
May 2004,5/7/2004,Selecione Tipo de ENAS Simp 4,4/25/2004,,5/1/2004 12:00:00 AM,Mês,Sudeste/Centro-Oeste,,34322
April 2004,4/7/2004,Selecione Tipo de ENAS Simp 4,3/26/2004,,4/1/2004 12:00:00 AM,Mês,Sudeste/Centro-Oeste,,42596
March 2004,3/7/2004,Selecione Tipo de ENAS Simp 4,2/24/2004,,3/1/2004 12:00:00 AM,Mês,Sudeste/Centro-Oeste,,55638
February 2004,2/7/2004,Selecione Tipo de ENAS Simp 4,1/26/2004,,2/1/2004 12:00:00 AM,Mês,Sudeste/Centro-Oeste,,63078
January 2004,1/7/2004,Selecione Tipo de ENAS Simp 4,12/26/2003,,1/1/2004 12:00:00 AM,Mês,Sudeste/Centro-Oeste,,41871
December 2003,12/7/2003,Selecione Tipo de ENAS Simp 4,11/25/2003,,12/1/2003 12:00:00 AM,Mês,Sudeste/Centro-Oeste,,31096
November 2003,11/7/2003,Selecione Tipo de ENAS Simp 4,10/26/2003,,11/1/2003 12:00:00 AM,Mês,Sudeste/Centro-Oeste,,19715
October 2003,10/7/2003,Selecione Tipo de ENAS Simp 4,9/25/2003,,10/1/2003 12:00:00 AM,Mês,Sudeste/Centro-Oeste,,14434
September 2003,9/7/2003,Selecione Tipo de ENAS Simp 4,8/26/2003,,9/1/2003 12:00:00 AM,Mês,Sudeste/Centro-Oeste,,13775
August 2003,8/7/2003,Selecione Tipo de ENAS Simp 4,7/26/2003,,8/1/2003 12:00:00 AM,Mês,Sudeste/Centro-Oeste,,14322
July 2003,7/7/2003,Selecione Tipo de ENAS Simp 4,6/25/2003,,7/1/2003 12:00:00 AM,Mês,Sudeste/Centro-Oeste,,17978
June 2003,6/7/2003,Selecione Tipo de ENAS Simp 4,5/26/2003,,6/1/2003 12:00:00 AM,Mês,Sudeste/Centro-Oeste,,20893
May 2003,5/7/2003,Selecione Tipo de ENAS Simp 4,4/25/2003,,5/1/2003 12:00:00 AM,Mês,Sudeste/Centro-Oeste,,24330
April 2003,4/7/2003,Selecione Tipo de ENAS Simp 4,3/26/2003,,4/1/2003 12:00:00 AM,Mês,Sudeste/Centro-Oeste,,38173
March 2003,3/7/2003,Selecione Tipo de ENAS Simp 4,2/23/2003,,3/1/2003 12:00:00 AM,Mês,Sudeste/Centro-Oeste,,43648
February 2003,2/7/2003,Selecione Tipo de ENAS Simp 4,1/26/2003,,2/1/2003 12:00:00 AM,Mês,Sudeste/Centro-Oeste,,56502
January 2003,1/7/2003,Selecione Tipo de ENAS Simp 4,12/26/2002,,1/1/2003 12:00:00 AM,Mês,Sudeste/Centro-Oeste,,53642
December 2002,12/7/2002,Selecione Tipo de ENAS Simp 4,11/25/2002,,12/1/2002 12:00:00 AM,Mês,Sudeste/Centro-Oeste,,31571
November 2002,11/7/2002,Selecione Tipo de ENAS Simp 4,10/26/2002,,11/1/2002 12:00:00 AM,Mês,Sudeste/Centro-Oeste,,20493
October 2002,10/7/2002,Selecione Tipo de ENAS Simp 4,9/25/2002,,10/1/2002 12:00:00 AM,Mês,Sudeste/Centro-Oeste,,11875
September 2002,9/7/2002,Selecione Tipo de ENAS Simp 4,8/26/2002,,9/1/2002 12:00:00 AM,Mês,Sudeste/Centro-Oeste,,15884
August 2002,8/7/2002,Selecione Tipo de ENAS Simp 4,7/26/2002,,8/1/2002 12:00:00 AM,Mês,Sudeste/Centro-Oeste,,14947
July 2002,7/7/2002,Selecione Tipo de ENAS Simp 4,6/25/2002,,7/1/2002 12:00:00 AM,Mês,Sudeste/Centro-Oeste,,16434
June 2002,6/7/2002,Selecione Tipo de ENAS Simp 4,5/26/2002,,6/1/2002 12:00:00 AM,Mês,Sudeste/Centro-Oeste,,18769
May 2002,5/7/2002,Selecione Tipo de ENAS Simp 4,4/25/2002,,5/1/2002 12:00:00 AM,Mês,Sudeste/Centro-Oeste,,25732
April 2002,4/7/2002,Selecione Tipo de ENAS Simp 4,3/26/2002,,4/1/2002 12:00:00 AM,Mês,Sudeste/Centro-Oeste,,26746
March 2002,3/7/2002,Selecione Tipo de ENAS Simp 4,2/23/2002,,3/1/2002 12:00:00 AM,Mês,Sudeste/Centro-Oeste,,42351
February 2002,2/7/2002,Selecione Tipo de ENAS Simp 4,1/26/2002,,2/1/2002 12:00:00 AM,Mês,Sudeste/Centro-Oeste,,60323
January 2002,1/7/2002,Selecione Tipo de ENAS Simp 4,12/26/2001,,1/1/2002 12:00:00 AM,Mês,Sudeste/Centro-Oeste,,50973
December 2001,12/7/2001,Selecione Tipo de ENAS Simp 4,11/25/2001,,12/1/2001 12:00:00 AM,Mês,Sudeste/Centro-Oeste,,34483
November 2001,11/7/2001,Selecione Tipo de ENAS Simp 4,10/26/2001,,11/1/2001 12:00:00 AM,Mês,Sudeste/Centro-Oeste,,22288
October 2001,10/7/2001,Selecione Tipo de ENAS Simp 4,9/25/2001,,10/1/2001 12:00:00 AM,Mês,Sudeste/Centro-Oeste,,19568
September 2001,9/7/2001,Selecione Tipo de ENAS Simp 4,8/26/2001,,9/1/2001 12:00:00 AM,Mês,Sudeste/Centro-Oeste,,13381
August 2001,8/7/2001,Selecione Tipo de ENAS Simp 4,7/26/2001,,8/1/2001 12:00:00 AM,Mês,Sudeste/Centro-Oeste,,12559
July 2001,7/7/2001,Selecione Tipo de ENAS Simp 4,6/25/2001,,7/1/2001 12:00:00 AM,Mês,Sudeste/Centro-Oeste,,14717
June 2001,6/7/2001,Selecione Tipo de ENAS Simp 4,5/26/2001,,6/1/2001 12:00:00 AM,Mês,Sudeste/Centro-Oeste,,17261
May 2001,5/7/2001,Selecione Tipo de ENAS Simp 4,4/25/2001,,5/1/2001 12:00:00 AM,Mês,Sudeste/Centro-Oeste,,18888
April 2001,4/7/2001,Selecione Tipo de ENAS Simp 4,3/26/2001,,4/1/2001 12:00:00 AM,Mês,Sudeste/Centro-Oeste,,23080
March 2001,3/7/2001,Selecione Tipo de ENAS Simp 4,2/23/2001,,3/1/2001 12:00:00 AM,Mês,Sudeste/Centro-Oeste,,30177
February 2001,2/7/2001,Selecione Tipo de ENAS Simp 4,1/26/2001,,2/1/2001 12:00:00 AM,Mês,Sudeste/Centro-Oeste,,33791
January 2001,1/7/2001,Selecione Tipo de ENAS Simp 4,12/26/2000,,1/1/2001 12:00:00 AM,Mês,Sudeste/Centro-Oeste,,33322
December 2000,12/7/2000,Selecione Tipo de ENAS Simp 4,11/25/2000,,12/1/2000 12:00:00 AM,Mês,Sudeste/Centro-Oeste,,35571
November 2000,11/7/2000,Selecione Tipo de ENAS Simp 4,10/26/2000,,11/1/2000 12:00:00 AM,Mês,Sudeste/Centro-Oeste,,23662
October 2000,10/7/2000,Selecione Tipo de ENAS Simp 4,9/25/2000,,10/1/2000 12:00:00 AM,Mês,Sudeste/Centro-Oeste,,16095
September 2000,9/7/2000,Selecione Tipo de ENAS Simp 4,8/26/2000,,9/1/2000 12:00:00 AM,Mês,Sudeste/Centro-Oeste,,26489
August 2000,8/7/2000,Selecione Tipo de ENAS Simp 4,7/26/2000,,8/1/2000 12:00:00 AM,Mês,Sudeste/Centro-Oeste,,16052
July 2000,7/7/2000,Selecione Tipo de ENAS Simp 4,6/25/2000,,7/1/2000 12:00:00 AM,Mês,Sudeste/Centro-Oeste,,16557
June 2000,6/7/2000,Selecione Tipo de ENAS Simp 4,5/26/2000,,6/1/2000 12:00:00 AM,Mês,Sudeste/Centro-Oeste,,17682
May 2000,5/7/2000,Selecione Tipo de ENAS Simp 4,4/25/2000,,5/1/2000 12:00:00 AM,Mês,Sudeste/Centro-Oeste,,20154
April 2000,4/7/2000,Selecione Tipo de ENAS Simp 4,3/26/2000,,4/1/2000 12:00:00 AM,Mês,Sudeste/Centro-Oeste,,30463
March 2000,3/7/2000,Selecione Tipo de ENAS Simp 4,2/24/2000,,3/1/2000 12:00:00 AM,Mês,Sudeste/Centro-Oeste,,49342
February 2000,2/7/2000,Selecione Tipo de ENAS Simp 4,1/26/2000,,2/1/2000 12:00:00 AM,Mês,Sudeste/Centro-Oeste,,55299
January 2000,1/7/2000,Selecione Tipo de ENAS Simp 4,12/26/1999,,1/1/2000 12:00:00 AM,Mês,Sudeste/Centro-Oeste,,44439
